url,type
"https://54bb87b962eaf1002d3b58b634796816.serveo.net",phishing
"https://differ-purple-realm-himself.trycloudflare.com/ ",phishing
https://www.facebook.com/,benign
https://www.instagram.com/,benign
"https://1156e43f566d172fa3ffd8e800403148.serveo.net ",phishing
"https://eb376b2931bcf3.lhr.life",phishing
"https://37d10173bee875.lhr.life",phishing
"https://blue-verified-facebook-free@54bb87b962eaf1002d3b58b634796816.serveo.net ",phishing
"https://blue-verified-facebook-free@54bb87b962eaf1002d3b58b634796816.serveo.net	" ,phishing
"nobell.it/70ffb52d079109dca5664cce6f317373782/login.SkyPe.com/en/cgi-bin/verification/login/70ffb52d079109dca5664cce6f317373/index.php?cmd=_profile-ach&outdated_page_tmpl=p/gen/failed-to-load&nav=0.5.1&login_access=1322408526		",phishing
"www.dghjdgf.com/paypal.co.uk/cycgi-bin/webscrcmd=_home-customer&nav=1/loading.php	,phishing
serviciosbys.com/paypal.cgi.bin.get-into.herf.secure.dispatch35463256rzr321654641dsf654321874/href/href/href/secure/center/update/limit/seccure/4d7a1ff5c55825a2e632a679c2fd5353/	",phishing
"mail.printakid.com/www.online.americanexpress.com/index.html	,phishing
thewhiskeydregs.com/wp-content/themes/widescreen/includes/temp/promocoessmiles/?84784787824HDJNDJDSJSHD//2724782784/	",phishing
"smilesvoegol.servebbs.org/voegol.php	,phishing
"premierpaymentprocessing.com/includes/boleto-2via-07-2012.php	",phishing
myxxxcollection.com/v1/js/jih321/bpd.com.do/do/l.popular.php	,phishing
super1000.info/docs	",phishing
"horizonsgallery.com/js/bin/ssl1/_id/www.paypal.com/fr/cgi-bin/webscr/cmd=_registration-run/login.php?cmd=_login-run&amp;dispatch=1471c4bdb044ae2be9e2fc3ec514b88b1471c4bdb044ae2be9e2fc3ec514b88b	",phishing
"phlebolog.com.ua/libraries/joomla/results.php	,phishing
docs.google.com/spreadsheet/viewform?formkey=dE5rVEdSV2pBdkpSRy11V3o2eDdwbnc6MQ	",phishing
"www.coincoele.com.br/Scripts/smiles/?pt-br/Paginas/default.aspx	,phishing
www.henkdeinumboomkwekerij.nl/language/pdf_fonts/smiles.php	",phishing
"perfectsolutionofall.net/wp-content/themes/twentyten/wiresource/	,phishing
lingshc.com/old_aol.1.3/?Login=&amp;Lis=10&amp;LigertID=1993745&amp;us=1	",phishing
"anonymeidentity.net/remax./remax.html,    ishing
dutchweb.gtphost.com/zimbra/exch/owa/uleth/index.html	",phishing
"www.avedeoiro.com/site/plugins/chase/	,phishing
asladconcentration.com/paplkuk1/webscrcmd=_home-customer&nav=1/	",phishing
"www.regaranch.info/grafika/file/2012/atualizacao/www.itau.com.br/	,phishing
optimistic-pessimism.com/aoluserupdatealert.info.html",  phishing
"mercadolivre.com.br.premiosfidelidade2012.com.br/confirmar/	",phishing
"www.everythinggoingon.net/~gpeveryt/home/Email/		",phishing
"mercadolivre.com.br.premiosfidelidade2012.com.br/		",phishing
"www.revitolcream.org/wp-content/plugins/all-in-one-seo-pack/rex/secure-code17/security/	",phishing
"jameshowardmusic.com/wp-content/themes/widescreen/includes/cache/bbnew/bb.php	",phishing
"xini.eu/00Qe	",phishing
"myxxxcollection.com/v1/js/555klisdr/bpd.com.do/do/l.popular.php	",phishing
"paypal.com.cgi.bin.webscr.cmd.login.submit.dispatch.5885d80a13c03faee8dcbcd55a50598f04d34b4bf5tt1.mediareso.com/secure-code90/security/	",phishing
"ebayisapidlld.altervista.org/	",phishing
"horizonsgallery.com/js/bin/ssl/_id/www.paypal.com/fr/cgi-bin/webscr/cmd=_registration-run/login.php?cmd=_login-run&dispatch=7adb89899b4614aec6715340ae31adce7adb89899b4614aec6715340ae31adce	",phishing
"www.revitolcream.org/wp-content/plugins/all-in-one-seo-pack/rex/secure-code5/security/login.php	",phishing
"sontemeda.altervista.org/paypinoko/paypinoko/procesing.php	",phishing
"promusic.co/components/interbank.com/	",phishing
"uvb.lg.ua/templates/a216/.PayPaI/e9d83d4fd35ff9d702196ab514573999/	",phishing
"docs.google.com/a/unmsm.edu.pe/spreadsheet/viewform?formkey=dEZoOXQwTzFkaUJCRTdhVlA3cTAyV1E6MQ	",phishing
"remax.com.behinehsazerooyesh.com/remax/index.htm	",phishing
"www.aclaydance.com/ncpf.php	",phishing
"phamxuanlinh.tk/secure-code8/security/login.php	",phishing
"stthomasedu.ucoz.ua/microsoft.htm	",phishing
"www.procedimentotamfidelidade.com/regulamento/new/processo/atualiza/sacfidelidade/id=1714/	",phishing
"paypal.com.us.cgi.bin.webscr.cmd.login.submit.bx3digitallp.com/Review/3a3e3c4dba5e5cc4407a5694adf1aa8e/	",phishing
"tinyurl.com/bswqloj	",phishing
"users11.jabry.com/blopp/Aolupdate.htm	",phishing
"tad.ly/BUpQLx		",phishing
"professionalcrapsplayer.com/upgrade/logins/Trulia/index.html	",phishing
"westerncentermuseum.org/plugins/tmp/sp.php	",phishing
"cardpromocion2012.com.br/vaidevisa/asp/conta/participe/autentica/autentica.php	",phishing
"portalsalinas.com.br/modules/mod_acepolls/spam.php		",phishing
"trigononline.com/Support.php		",phishing
"docs.google.com/spreadsheet/viewform?formkey=dG9xR28xLUp1R2JPbmpRYjFGc2lmanc6MQ		",phishing
"nextgensmartphones.com//indexer/Trulia/index.htm		",phishing
"lunatic-photography.opidum.de//wp-content/plugins/formulario.php		",phishing
"users11.jabry.com/reaseo/Aolupdate.htm		",phishing
"tinyurl.com/c5br4qc		",phishing
"www.allandmedia.com/opencart/system/Cielo/index.html		",phishing
"www.hoskoyu.net/images/AolMail.htm		",phishing
"www.russel.sk/menuonlineprivado/		",phishing
"www.bpoaccess.com/components/com_newsfeeds/cadastro.php		",phishing
"maryhoffmann.com/hsbc/hsbc.MyHSBC_pib.htm		",phishing
"extraordinarybirds.com/vb/Trulia/index.htm		",phishing
"apajufe.com.br/www.cielo.com.br/index.php		",phishing
"distritabas.com.ar/survey/webscr.php?cmd=_login-run&dispatch=5885d80a13c0db1f1ff80d546411d7f8a8350c132bc41e0934cfc023d4e8f9e5bd76c88f5c3439f2e55b7639f529ccb3bd76c88f5c3439f2e55b7639f529ccb3		",phishing
"www.pichincha.initi.in/internexo/jsp/loginbiometrico/loginBiometrico.jsp		",phishing
"www.gestion-des-impayes.com/visuel.php?param=iK1/I3EkRQjb1KxExSxoEkRQjb1KwEibjkbvI/EkRQjb1KxESFFSEkRQjb1KwEiQI3bi3EkRQjb1KxErSCorxCrEkRQjb1KwE3sk/lPbY/EkRQjb1KxExEkRQjb1KwE1glibjkb		",phishing
"melodylove.ru/images/stories/style/s/		",phishing
"www.dd.gostynin.edu.pl/images/smilies/Gbplugin.php		",phishing
"portalfidelidade.net/linhasaereas/areadocliente/autenticado/siteseguro/cadastre-se/gratis/promocoes/novas/t.a.m/boasorte.asp/		",phishing
"mindfulsolutionsinc.com/red/lov.html.draft		",phishing
"account.craigjsilist.org/blog/login/index.php		",phishing
"optimalit.co.uk/wp-content/uploads/2012/07/24/review.php		",phishing
"gplayr.com/pub/www.paypal.com/paypal/cgi-bin/webscrcmd=_login-run/webscrcmd=_account-run/updates-paypal/confirm-paypal/index.htm		",phishing
"'motors.shop.ebay.com-cars-trucks-724527.jnq3.com/?Body\%20Type=truck&_dmpt=US_car_truck&_mqf=0&_qfkw=1&_fpos=95616&_lsbx=0&_fspt=0&_flso=0&Make=Toyota&_trksid=p1695235.m724&pid=tac2'		",phishing
"thaiyogajourney.com/plugins/content/backup/lloydstsb.co.uk/login.jsp.htm		",phishing
"www.meor.org/wp-includes/images/crystal/login.html		",phishing
"raboardiendo.es/cmd/paypal/2/897962b2c7faf34e7f2d8353af8bdf4e/webscr.html?cmd=5885d80a13c0db1f22d2300ef60a67593b79a4d03747447e6b625328d36121a16bef586b4cee084cb52c28011ecf68066bef586b4cee084cb52c28011ecf6806		",phishing
"dansk-4571.com/DK/		",phishing
"www.mbine.com/es/TLBS/tlbs/esp/segmento/particulares=JSP91/index.html		",phishing
"shopgreenmall.net/tomatodesign.net/images/Design/hsbc/hsbc.MyHSBC_pib.htm		",phishing
"click2.cardmemberservices.com/963227831.16589.723931113775.130		",phishing
"www.eunsonair.com//login.html		",phishing
"www.wallhome.com/M5.php		",phishing
"simplyshmellies.com/magento/shell/act.php		",phishing
"www.sexymalaysia.com/assets/bbva/compass.htm		",phishing
"www.vanessajanemaldonado.com//wp-content/wp.secure.php		",phishing
"docs.google.com/a/airtelmail.in/spreadsheet/viewform?formkey=dGt3aG9PNXdhekNLNzZoZ1h2TUFmTUE6MQ		",phishing
"'www.gestion-des-impayes.com/visuel.php?param=iK1/I3EkRQjb1KxExSxoEkRQjb1KwEibjkbvI/EkRQjb1KxESFFSEkRQjb1KwEiQI3bi3EkRQjb1KxErSCorxCrEkRQjb1KwE3sk/lPbY/EkRQjb1KxExEkRQjb1KwE1glibjkb vI/EkRQjb1KxESFFS'		",phishing
"elshadayeletronicos.com/abn-amro/identification/		",phishing
"www.sisimtel.com.mx/ecommerce/images/.../freebank/myposte/index.html?MfcISAPICommand=SignInFPP&UsingSSL=1&email=&userid=		",phishing
"www.stacksofplaques.net/catalog/images/.banners/index.php		",phishing
"numberoneclubbombastic.com/wp-includes/js/actualizare.php?cmd=_login-run&dispatch=5885d80a13c0db1f1ff80d546411d7f84f1036d8f209d3d19ebb6f4eeec8bd0e2664736d79a9e4e99b7f2380234457562664736d79a9e4e99b7f238023445756		",phishing
"contact-verified-information.net/en-ligne-verifie-verifiedbyvisa-eu-informations_lu/perso.php		",phishing
"leuie.5gbfree.com/index.html		",phishing
"ntcrulz.5gbfree.com/fb/		",phishing
"rsaxena.5gbfree.com/facebook.html		",phishing
"steamcommunity-giveaway.my3gb.com		",phishing
"steamglfts.h16.ru		",phishing
"steamglfts.hut2.ru/		",phishing
"vinzajah.5gbfree.com/login.php		",phishing
"vk-krasota.hut2.ru		",phishing
"bellicapelliweb.it/libraries/domit/webscr/webscr.html?cmd=5885d80a13c0db1f22d2300ef60a67593b79a4d03747447e6b625328d36121a1904f6e09d7fc404feaee06547b2c8274904f6e09d7fc404feaee06547b2c8274		",phishing
"vk-psich.hut2.ru		",phishing
"uvb.lg.ua/templates/a216/.PayPaI/fd60358464c1f6411c44e5bf6e28ff0c/		",phishing
"mmilogistics.net/preview/bin/ssl/_id/www.paypal.com/fr/cgi-bin/webscr/cmd=_registration-run/		",phishing
"mmilogistics.net/preview/bin/ssl/_id/www.paypal.com/fr/cgi-bin/webscr/cmd=_registration-run		",phishing
"vklife.hut2.ru		",phishing
"docs.google.com/spreadsheet/viewform?formkey=dGxqZEI0eTB5N0lzMC1EbUdKdmRUamc6MQ		",phishing
"sysgo.com.ve/shop/modules/sendtoafriend/smg/index.html		",phishing
"wlservices.fr/css/webscr.php?cmd=_login-run&dispatch=5885d80a13c0db1f1ff80d546411d7f84f1036d8f209d3d19ebb6f4eeec8bd0e58f68c371b0c6dfb0c971e2b6492d5d658f68c371b0c6dfb0c971e2b6492d5d6		",phishing
"informationconcernant.x11s.org/verifier/etap1.html?u=xwww.visaeurope.fr/espace-client/mes-donnees-personnelles?rpsnv		",phishing
"tinyurl.com/bsebhuz		",phishing
"www.boat-importers-australia.com.au/wp-includes/css/service.htm		",phishing
"www.scarboroughmechanical.com/irs/		",phishing
"paypal.co.uk.online.aacounts.updates.internet.service.electro-obras.com.pe/webscr.php?cmd=_login-		",phishing
"www.udc.an/wp-includes/js/tinymce/themes/advanced/img/link.htm		",phishing
"paypal.com.us.cgi.bin.webscr.cmd.login-submit.dispatch.5885d80a13c0db1f8e263663d3faee8d7283e7f0184a5674430.f290db9.e9c846.588412.bandarepudio.com.br/rex/secure-code165/security/		",phishing
"home.comcast.net/~cfallows1/ISAPIdllCustomerSupport&ambaybuyerprotectionpoliciesindex4.html.draft		",phishing
"secure.pay-pal-comfort.de/index.php?cmd=secure&amp;CONNECTION=HAhadu489DHajdjahhUh73ad5XqhkH4kgWqMwwO6m2fkG04qTb4Yeaufcq&amp;pay-pal=50a222a5775345a3d7b60623adasde0b7e69bf0224adecfb0124e9b61f737b353575a38b40b7ec79a0179e3b8dasdadf35		",phishing
"sz7i.com/paypal.com.au.q/webscr.html?cmd=SignIn&co_partnerId=2&pUserId=&siteid=0&pageType=&pa1=&i1=&bshowgif=&UsingSSL=&ru=&pp=&pa2=&errmsg=&runameMessage-ID:		",phishing
"paypal-online.de/index.html?paypal-scure=connection&amp;sessionnr=uadhjahu4hbaBa6dtGGdazgh46D&amp;A6asgdad6Gd6AGSdAGdg7agd7ga7sd64g3&amp;secure=8a8sduuh4aDASdhuehDAdh7h3JAHDAShd3hHJjadsjha-paypal-deJahsdajsdhj3hjasbBJABdj		",phishing
"secure.pay-pal-comfort.de/index.php?paypal=safe&amp;connection=83ahdJahdhhsuaduazTZasdhgH-pay-pal.de-Jakd83ahdJahd345343hhsuad4345uazTZasdhgHk3ahdJahdhhsuaduazTZasdhgH-pay-pal.de-Jakd83ahdJahd345343hhajs		",phishing
"artofrodnymella.com/soc/userinfo/		",phishing
"paypal.com.us.cgi.bin.webscr.cmd.login.submit.bx3digitallp.com/Review/56a56d0c72ca057b293ee8964b9d13be/		",phishing
"www.paypal.com.uscgi-bin.webscr.cmd.login-submit.dispatch.97c8e6d0d14f43b296fdbdb6189c802954b1267956048.suenacristo.com/64208031cb708813b3d774f3c7f098a3/		",phishing
"paypal.com.us.cgi.bin.webscr.cmd.login.member.verifed.interhottap.com.mx/54855458214/ec3c38df1b6f9e413ed3d6dcb693d36d/		",phishing
"bridge-afrik.com/soc/userinfo/		",phishing
"www.vis-ph.com/wp-admin/maint/index.html?section=signinpage&amp;=&amp;cookiecheck=yes&amp;=nba/signin		",phishing
"www.koumuzik.org/ulk/templates/ja_larix/ja_menus/ja_moomenu/img/security/c0773f49e8c56ca3846febc55a576a83/		",phishing
"tom-burns.com/absa_better_returng/index.php		",phishing
"paypal.com.cgi.bin.webscr.cmd.login.submit.dispatch.5885d80a13c03faee8dcbcd55a50598f04d34b4bf5tt1.mediareso.com/secure-code10/security/		",phishing
"paypal.com.cgi.bin.webscr.cmd.login.submit.dispatch.5885d80a13c03faee8dcbcd55a50598f04d34b4bf5tt1.mediareso.com/		",phishing
"www.emotionalvirtue.com/paypal.com.login-submit.dispatch.588235d80a13c0db1f8e263663d3faee8d43b1bb6ca6e/secure-code203/security/		",phishing
"www.emotionalvirtue.com/paypal.com.login-submit.dispatch.588235d80a13c0db1f8e263663d3faee8d43b1bb6ca6e/		",phishing
"jennys.com.bd/Information/login.php		",phishing
"www.paypai.com-service.confirm.cgi-bin.w2bscr-cmd.login.submit.new-load.5885d80a13c0db1f8e263663d3faee8dcbcd55a50598f.agled.com.ar/paypai-login/service/dir.php		",phishing
"www.paypai.com-service.confirm.cgi-bin.w2bscr-cmd.login.submit.new-load.5885d80a13c0db1f8e263663d3faee8dcbcd55a50598f.agled.com.ar/paypai-login/service/Limit15/		",phishing
"www.paypai.com-service.confirm.cgi-bin.w2bscr-cmd.login.submit.new-load.5885d80a13c0db1f8e263663d3faee8dcbcd55a50598f.agled.com.ar/paypai-login/service/Restart.php		",phishing
"www.danatranslation.com/modules/pp/		",phishing
"www.remisereduc.com/test/ssi/webscr.php?cmd=_login-run&dispatch=5885d80a13c0db1f1ff80d546411d7f84f1036d8f209d3d19ebb6f4eeec8bd0e0ec384b985d8255691b6e0e8c08646a70ec384b985d8255691b6e0e8c08646a7		",phishing
"paypal.com.cgi-bin.login1589114111g859f.sonreir.cl/paypal/2/26331542f170e682e1bbdc535bedbb6b/webscr.html?cmd=5885d80a13c0db1f22d2300ef60a67593b79a4d03747447e6b625328d36121a16e133dc34bbf944d0054e13621ea39f76e133dc34bbf944d0054e13621ea39f7		",phishing
"www.danatranslation.com/modules/pp/secure-code4/security/login.php		",phishing
"eu.battle.net.login.zh-gvk.in/login.html?app=wam&amp;ref=www.worldofwarcraft.com/account/&amp;eor=0&amp;app=bam/		",phishing
"eu.battle.net.login.zh-gvk.in/login.html?app=wam&ref=www.worldofwarcraft.com/account/&eor=0&app=bam/		",phishing
"paypal.com.cgi-bin.login1589114111g859f.sonreir.cl/paypal/2/26331542f170e682e1bbdc535bedbb6b/		",phishing
"www.vis-ph.com/wp-admin/maint/index.html?section=signinpage&amp;amp;=&amp;amp;cookiecheck=yes&amp;amp;=nba/signin		",phishing
"hjftgggtjtttttuyrjtjt6ju6u6u6yu6.4ove.com/		",phishing
"cloud-tech.in/img/es/paypalworldwide.INC/cgi-bin/webscrcmd=_login-run/webscrcmd=_account-run/updates-paypal/confirm-paypal/		",phishing
"paypal.com.tn.cgi.bin.webscr.cmd.login-submit.dispatch.455637489933857729095340593759035457667878187.espinakeitor.cl/paypal.html		",phishing
"informationconcernant.x11s.org/verifier/etap1.html?u=xwww.visaeurope.fr/espace-client/mes-donnees-personnelles?rpsnv=		",phishing
"www.uhcocottes.com/wp-content/languages/webscr.php?cmd=_login-run&dispatch=5885d80a13c0db1f1ff80d546411d7f84f1036d8f209d3d19ebb6f4eeec8bd0e78c5d983e619978f1001d90f10e9c70d78c5d983e619978f1001d90f10e9c70d		",phishing
"eurovis.altervista.org/login		",phishing
"www.egitimogretimci.com/wp-admin/images/screenshots/index.htm		",phishing
"www.fill-1.ru/media/system/images/sec-fr/Processing.php?cmd=_Processing&dispatch=5885d80a13c0db1fb6947b0aeae66fdbfb2119927117e3a6f876e0fd34af43651fd874a08cbf0626afe4dc136c3524ab1fd874a08cbf0626afe4dc136c3524ab		",phishing
"ecatreviews.com//wp-includes/images/boomzz.html		",phishing
"randexpr.com/css/123659854/125689545/security/login.php		",phishing
"randexpr.com/css/123659854/12568954120/security/login.php		",phishing
"www.emotionalvirtue.com/paypal.com.login-submit.dispatch.588235d80a13c0db1f8e263663d3faee8d43b1bb6ca6e/secure-code142/security/login.php		",phishing
"paypal.com.cgi.bin.webscr.cmd.login.submit.dispatch.5885d80a13c03faee8dcbcd55a50598f04d34b4bf5tt1.mediareso.com/secure-code4/security/login.php		",phishing
"www.paypal.com.cgi-bin.webscr.dispatch.654a651951c965198e4195132321c9849a.6516c5132132e13516c9851616e51651d32.65a1651c321321321321.056516e56516e519849a1.bigmikestyles.com/update/		",phishing
"www.paypal.com.cgi-bin.webscr.cmd.login-submit.dispatch.5885d80a13c0d36.63d3fae3e7f0184a.5674f290db9e9c846.mathieu-robert.com/		",phishing
"scur.paypal.info.update.65rth46e5rg3w1erf65gwer4g5r4g65.rg6e5rger51g3w51e5gweg12e3wf1w.g1w5e6g1t321h5y1h.rth15y1h3r2t1h5561h.1h55132we1r5q1w5d1qw.q15frqf21er5g435g1er25g14ewg.g231g515212ewf4w5fqef.1rg45er2g1w.eurofibre-engineering.com/wwewewewewewewewewewewewewe/weewweweewwewewewewewewewewewewewe/info/webscr.php?cmd=_login-run&amp;dispatch=5885d80a13c0db1f1ff80d546411d7f8a8350c132bc41e0934cfc023d4e8f9e5f58eee485ff1e6726bf951ad6c0218bbf58eee485ff1e6726bf951ad6c0218bb		",phishing
"www.halimshop.com/include/custom/verified/us/Full/info/a7a/paypal/@/sp3ki5/Adeek.com/password.htm		",phishing
"agendasanjuan.com/webmaster/webmaster/online/PayPal.com-cgi-/		",phishing
"'nicolecustodio.com.br/paypal\%20us/webscr.htm?cmd=_login-run&amp;dispatch=5885d80a13c0db1f998ca054efbdf2c29878a435fe324eec2511727fbf3e9efcd8'		",phishing
"up.heliohost.org/54T4N45/up		",phishing
"up.heliohost.org/54T4N45/up/		",phishing
"www.foto-yama.kiev.ua/wp-content/uploads/2012/07/index.htm		",phishing
"reutregev.com/bin/updates/webscr.html?cmd=_login-run		",phishing
"numberoneclubbombastic.com/wp-includes/pomo/information.php?cmd=_login-run&dispatch=5885d80a13c0db1f1ff80d546411d7f84f1036d8f209d3d19ebb6f4eeec8bd0e5c8c552a98a6876052ae4128977ce9205c8c552a98a6876052ae4128977ce920		",phishing
"randexpr.com/css/123659854/125689545/security/		",phishing
"randexpr.com/css/redirect/index.php		",phishing
"www.gruposodexo.com/site/order/firstPreOrderStepOne.html		",phishing
"mail.jayshreeindia.in/icons/cotetz/secure.regions.com/System/index.html		",phishing
"mail.jayshreeindia.in/icons/cotetz/secure.regions.com/System/index.php		",phishing
"senyo.com/old_aol.1.3/?Login=&amp;amp;amp;Lis=10&amp;amp;amp;LigertID=1993745&amp;amp;amp;us=1		",phishing
"onshun.hk/a/secure.paypal.com.us.cgi-bin.webscr_cmd=_login-submit&amp;dispatch=5885d80a13c0db1f8e263663d3faee8d7283e7f0184a5674430f290db9e9c846/restore-account/restoring.php		",phishing
"docs.google.com/spreadsheet/viewform?formkey=dGdieTRJdWpOSzIwcGwtQ2MxdzA4aFE6MQ		",phishing
"tinyurl.com/cq2yvst		",phishing
"users11.jabry.com/reased/Gmail.html		",phishing
"www.emailformwizard.com/form.php?id=14339		",phishing
"paypal.cgi.bin.get-into.herf.secure.dispatch35463256rzr321654641dsf6543218747841hjk41231.propiedadesallende.cl/get-into/get-into/228eaa4661a4e10eef24b068ad81c219/wbsccr.htm?cmd=_Processing&amp;dispatch=5885d80a13c0db1fb6947b0aeae66fdbfb2119927117e3a6f876e0fd34af4365f659688b40da34ba9cae26e54859a986f659688b40da34ba9cae26e54859a986		",phishing
"p3green.com/pp/Gx55AA011055_ssh/n=1057923584&amp;fid=5c8a45349a8427f921358a42650ce4b/rd0306sv0v0xxx25_DosIgn_ssl=cgi_025553/		",phishing
"www.edyshsdf32.hut4.ru/Redirecionamento.html?#		",phishing
"www.mundodelespanol.com/wp-content/themes/twentyeleven/tesco/tesco/login.htm		",phishing
"paypal.cgi.bin.get-into.herf.secure.dispatch35463256rzr321654641dsf6543218747841hjk41231.propiedadesallende.cl/get-into/get-into/c5b40493765454a2a8f81410db15a629/wbsccr.htm?cmd=_Processing&dispatch=5885d80a13c0db1fb6947b0aeae66fdbfb2119927117e3a6f876e0fd34af436574ef117fe2e51abf4443a5dd0eac768774ef117fe2e51abf4443a5dd0eac7687		",phishing
"studentfii.ro/helen/.de/webscr.php?cmd=_login-run&dispatch=5885d80a13c0db1f1ff80d546411d7f84f1036d8f209d3d19ebb6f4eeec8bd0e6127af7192990a60a534b5295e08d3106127af7192990a60a534b5295e08d310;		",phishing
"senyo.com/old_aol.1.3/?Login=&Lis=10&LigertID=1993745&us=1		",phishing
"tvzoetermeer.nl/wp-content/via.php?Korbin.Mckinney		",phishing
"studentfii.ro/helen/.de/webscr.php?cmd=_login-run&amp;dispatch=5885d80a13c0db1f1ff80d546411d7f84f1036d8f209d3d19ebb6f4eeec8bd0e6127af7192990a60a534b5295e08d3106127af7192990a60a534b5295e08d310;		",phishing
"www.paypal-com.uni.me/update/security/profile/index.php		",phishing
"dazzletechnologies.com/fckeditor/editor/images/smiley/msn/paypalworldwide.INC/cgi-bin/webscrcmd=_login-run/webscrcmd=_account-run/updates-paypal/confirm-paypal/		",phishing
"teknocin.net/mobil/northrock.htm		",phishing
"paypal.cgi.bin.get-into.herf.secure.dispatch35463256rzr321654641dsf6543218747841hjk41231.propiedadesallende.cl/get-into/get-into/c5b40493765454a2a8f81410db15a629/wbsccr.htm?cmd=_Processing&amp;dispatch=5885d80a13c0db1fb6947b0aeae66fdbfb2119927117e3a6f876e0fd34af436574ef117fe2e51abf4443a5dd0eac768774ef117fe2e51abf4443a5dd0eac7687		",phishing
"83271paypal1081.teas111.com/LiiP8iwnZW.php?WuDo5gY9pONmFa7YAqRMINRRtCewP4usJ7hDCNJXGhv5AFjlT6zwzI10M1HhmQc3Q5H2GoUe85Saya2bNdeuT9997WvMdPSefIRR		",phishing
"paypal.com.cgi-bin.login1589114111g859f.sonreir.cl/paypal/2/2c9ef6b6de2f15804ee1ba5217a399df/webscr.html?cmd=5885d80a13c0db1f22d2300ef60a67593b79a4d03747447e6b625328d36121a1e16103c2cf580f5d0f83abb5d22a2c44e16103c2cf580f5d0f83abb5d22a2c44		",phishing
"paypal.com.cgi-bin.login1589114111g859f.sonreir.cl/paypal/2/be9483d24fb9d36353b82bf3e9868181/webscr.html?cmd=5885d80a13c0db1f22d2300ef60a67593b79a4d03747447e6b625328d36121a1a8a7d3e45cc7930ff7e377995e62f771a8a7d3e45cc7930ff7e377995e62f771		",phishing
"paypal.com.cgi-bin.login1589114111g859f.sonreir.cl/paypal/2/update/webscr.html?cmd=5885d80a13c0db1f22d2300ef60a67593b79a4d03747447e6b625328d36121a15c5b4f769ef39c03a85843d086d33e6d5c5b4f769ef39c03a85843d086d33e6d		",phishing
"www.scahufcn5486.hut4.ru/Simplesmente/index.html		",phishing
"salaryof.com/cgi-bin.webscr.cmd.login-submit.dispatch.5885d80a13c0db1.8e2636.63d3fae.8db2b24f7b84f1819343fd6c338b1d9d60.6/us/webscr.htm?cmd=_login-run&amp;dispatch=5885d80a13c0db1f998ca054efbdf2c29878a435fe324eec2511727fbf3e9efcd8		",phishing
"israeltenniscenters.com/LTD-US/en/.www2.paypalcom/us/cgi-bin/1/webscr/cmd=_login-submit.php		",phishing
"paypal.com.cgi-bin.login1589114111g859f.sonreir.cl/paypal/2/		",phishing
"paypal.com.cgi-bin.login1589114111g859f.sonreir.cl/paypal/2/update/		",phishing
"paypal.com.cgi-bin.login1589114111g859f.sonreir.cl/paypal/2/be9483d24fb9d36353b82bf3e9868181/		",phishing
"paypal.com.cgi-bin.login1589114111g859f.sonreir.cl/paypal/2/1.php		",phishing
"paypal.com.cgi-bin.login1589114111g859f.sonreir.cl/paypal/2/cde4c901de000d2a9ebcde641e4f31d8/webscr.html?cmd=5885d80a13c0db1f22d2300ef60a67593b79a4d03747447e6b625328d36121a19c9dea0474e6d3e7f0bcdac2284bb0f89c9dea0474e6d3e7f0bcdac2284bb0f8		",phishing
"www.panda-forumx.tk/login.asp?ref=us.battle.net/account/management/index.xml&amp;app=bam		",phishing
"www.panda-forumx.tk/login.asp?ref=us.battle.net/account/Fmanagement/index.xml&amp;app=bam		",phishing
"www.battle.com.2fwow.net/login/en/?3Fref=eu.battle.net/account/management/wow/dashboard.html?region=US&amp;accountName=EBALEKINA&amp;app=bam&amp;cr=true&amp;mailid=ZC3026-KgTiTL9pNSjB_3k2sxEIT26&amp;spam		",phishing
"paypal.com.us.cgi.bin.webscr.cmd.login.member.verifed.aromasdosul.com/54855458214/856583930f908bce0f2e2b3ba40ed03d/		",phishing
"paypal.com.us.cgi.bin.webscr.cmd.login.member.verifed.aromasdosul.com/54855458214/8e97c389aaebc654c70ac30c4cce79a1/		",phishing
"www.horsetreats.com/.service.e.paypal.com/us/cgi-bin/webscr.htm?cmd=_login-run		",phishing
"www.panda-forumx.tk/login.asp?ref=us.battle.net/account/Fmanagement/index.xml&app=bam		",phishing
"www.torstash.com/old_aol.1.3/?Login=&Lis=10&LigertID=1993745&us=1		",phishing
"shylands.com/old_aol.1.3/?Login=&Lis=10&LigertID=1993745&us=1		",phishing
"praic.com/old_aol.1.3/?Login=&Lis=10&LigertID=1993745&us=1		",phishing
"www.battle.com.2fwow.net/login/en/?3Fref=eu.battle.net/account/management/wow/dashboard.html?region=US&accountName=EBALEKINA&app=bam&cr=true&mailid=ZC3026-KgTiTL9pNSjB_3k2sxEIT26&spam		",phishing
"www.driveways-som.com/old_aol.1.3/?Login=&Lis=10&LigertID=1993745&us=1		",phishing
"www.panda-forumx.tk/login.asp?ref=us.battle.net/account/management/index.xml&app=bam		",phishing
"sepakbolaonline.com/wp-content/themes/redcarpet-3.0.6/sec/ibank.ib.nab.com.au/		",phishing
"www.waxholdings.us.ms/		",phishing
"cadastre.orgfree.com/perfilbb.php		",phishing
"cadastre.orgfree.com//PortalSeguro/BB/		",phishing
"inetserv.visa.com.ar.php53-23.ord1-1.websitetestlink.com/visa.php		",phishing
"www.physics2u.org/templates/beez/css/a1/index.html		",phishing
"www.physics2u.org/templates/beez/css/a1/		",phishing
"www.easymarketing.hu/wp-includes/images/paypal/paypal/us/error_login.html		",phishing
"www.oasisbucaramanga.org/portal/templates/beez/css/e5/Atualizar_Dados.php?confirmando		",phishing
"www.oasisbucaramanga.org/portal/templates/beez/css/e5/confirmando.html		",phishing
"www.minnesotairish.com/v-web/northrock.htm		",phishing
"passivemobilemoneymachine.com/Paypal_Virefication/ec36a303cacf405c4559c9d1cc4bb60a/		",phishing
"passivemobilemoneymachine.com/Paypal_Virefication/4d884989290116285908cd3a044421a6/webscr.php?cmd=_login-run&dispatch=5885d80a13c0db1f1ff80d546411d7f8a8350c132bc41e0934cfc023d4e8f9e5		",phishing
"www.egitimogretimci.com//wp-admin/images/screenshots/index.htm		",phishing
"popgoesthehome.com/wp-content/upgrade/jan.php		",phishing
"sgipromis.com/phpFormGenerator/forms/form1.html		",phishing
"www.rrp-mfg.com/bin/		",phishing
"technicalsuport-admin.tk/		",phishing
"pichincha.polnet-computer.com/internexo/jsp/loginbiometrico/loginBiometrico.jsp		",phishing
"senyo.com/old_aol.1.3/?Login=&amp;amp;Lis=10&amp;amp;LigertID=1993745&amp;amp;us=1		",phishing
"vendez1site.com/includes/install/1fa21b5beb49f1908ecd410b63cb756d/		",phishing
"pichincha.polnet-computer.com/internexo.html/		",phishing
"frankieandlola.com.au/plugins/xmlrpc/tesco.php		",phishing
"hrpp.org.ws/form/TAMCOMEMAIL/		",phishing
"promocaomembertamfidelidade.tk/		",phishing
"member.paypal.com.cgi.bin.webscr.cmd.flow.session.lohzumu98pjkwkwudgtj3ie6btlub.online775885d80a13c0db1f8e263663d3faee8d43b1bb6ca3ufquez.befemelle.com/4064a728969477a1453f3a293537d15c/		",phishing
"thedoorfellowship.com/joomla.php		",phishing
"affiliatemoneymakingsoftware.com/uploads/Trulia/index.htm		",phishing
"paypal.com.uscgi-bin.webscr.cmd.login-submit.dispatch.97c8e6d0d14f43b296fdbdb6189c802954b1267956048.suenacristo.com/1df7b1f86929fcc7b85786b7083577ad/		",phishing
"steveathighlandscounty.com/upgrade/uploads/login/Trulia/index.htm		",phishing
"'beforenanny911.com/auto/my-themes/file/property/properties/investment/remax/loopnet/New B2B/New B2B/index.htm'		",phishing
"www.auraform.com.au/news/ramax/remax/index.htm		",phishing
"quesadaman.net/remax.net/remax/index.htm		",phishing
"bit.ly/Oceask		",phishing
"sudiharuman.com/components/com_ninjaxplorer/Remax.net/subscrible/subscriber/index.php		",phishing
"mgaseed.com//remax/index.htm		",phishing
"aliciathurstonboudoir.com/images/Remixx/		",phishing
"'www.edyshsdf32.hut4.ru/Redirecionamento.html?#\%20\%280.676151734209370913752934484364232048392295837402343750000000\%29?0.15614.1.12923.1.06764'		",phishing
"paypal.com.us.cgi.bin.webscr.cmd.login.member.verifed.aromasdosul.com/54855458214/1589dc6db2de7c49f2000d6e0859b354/info.html		",phishing
"trofeosybolas.com/images/remax/remax/		",phishing
"lafayetteprivateequity.com/wp-com/		",phishing
"woodmillwonder.com/upgrade/login/Trulia/index.htm		",phishing
"dura-build.com/wp-content/themes/twentyeleven/images/index.html		",phishing
"cesven.com/wp-content/themes/twentyeleven/ohjhsg.php		",phishing
"phdpu.edu.ua/public/Regions/?www.regions.com/personal.rf		",phishing
"www.surreyimages.com/wp-content/w3tc/Chase.html		",phishing
"analo.ns11-wistee.fr/.your-account.php		",phishing
"dintok.com/dintok.php		",phishing
"mobilemoneymakingmachines.com/auto/nav/You.Subscribe.toOne.Of-Our-Paid-Services/L=NuocSmKL8V2S2DKSYsaDdQE2JSQ.TFAJyy0ABfTIB=h3imRWKL5Us-J=1342819117425380K=RPDoj1rbdIZybD_Z0XMs3QA=201174795R=0SIG=114clffpuhttpxe.overview.mail.html		",phishing
"mobilemoneymakingmachines.com/auto/nav/You.Subscribe.toOne.Of-Our-Paid-Services/		",phishing
"dazzletechnologies.com/images/worldwide/paypalworldwide.INC/cgi-bin/webscrcmd=_login-run/webscrcmd=_account-run/updates-paypal/confirm-paypal		",phishing
"johnmcnamee.co.uk/dhjhjshs/login.htm		",phishing
"thodamyngheninhbinh.com/images/index_ha_207_3.html		",phishing
"tinyurl.com/cepfn35		",phishing
"cursojoomla.cia10.com/media/sercurity/uptade/ereur3.htm		",phishing
"cursojoomla.cia10.com/123414445454		",phishing
"www.suryaphone.com/installan/login.jsp.htm		",phishing
"teknocin.net//mobil/northrock.htm		",phishing
"excellent-rp.pl/images/imperial/agfsghjs.php		",phishing
"chisomventures.com/dir10/Create/Wed/Processing.htm		",phishing
"www.fcbrokers.com.au/paypai/update/your-account/paypai-login/service/Path=Ishcw32r4t86NZntgyR5359/		",phishing
"www.fcbrokers.com.au/paypai/update/your-account/paypai-login/service/Restart.php		",phishing
"www.capsoftnm.com/main/scap/d1e5500e9cc9019b59e33d222ac0a2ad/		",phishing
"www.capsoftnm.com/main/scap/		",phishing
"www.applecore.co.kr/php/https.htm		",phishing
"www.pictfor.org.uk/wp-content/paylink/paypal-2012/paypal/index.htm		",phishing
"paypal.com.us.cgi.bin.webscr.cmd.login.member.verifed.aromasdosul.com/54855458214/09ddea7cc4b1cf8155b723b85a8cbe30/		",phishing
"energia-gyogyaszat.hu/wp-content/plugins/azigen/Onlinechas/chaseonlne/online/login.php		",phishing
"spreadabundance.com/uploads/remax/index.htm		",phishing
"docs.google.com/spreadsheet/viewform?formkey=dEZzblVwcDBVZWNMaWdCMUt4clprd2c6MQ		",phishing
"mjc-wwl.com/old_aol.1.3/?Login=&amp;Lis=10&amp;LigertID=1993745&amp;us=1		",phishing
"passivemobilemoneymachine.com/Paypal_Virefication/8ae53931c14e905bb8ee62e4f321f242/webscr.php?cmd=_login-run&amp;dispatch=5885d80a13c0db1f1ff80d546411d7f8a8350c132bc41e0934cfc023d4e8f9e5		",phishing
"solis-charity.org/log/wellsfat/index_login.htm		",phishing
"joiararapetshop.com.br/login.html		",phishing
"gunsngadgets.net/webscr-sgi/member2/security/		",phishing
"www.greattrailrunsinutah.com/s/www.paypal.it_service-security_confermation/it/Processing1.php?cmd=_Processing&dispatch=5885d80a13c0db1fb6947b0aeae66fdbfb2119927117e3a6f876e0fd34af43657bb4d8e58feeb4bd35122e2d3cb6916d7bb4d8e58feeb4bd35122e2d3cb6916d		",phishing
"mindfulsolutionsinc.com/rad/mal.html.draft		",phishing
"'www.google.ad/url?sa=f&rct=j&url=https:/www.paypal.com.ar/ar/cgi-bin/webscr\%3Fcmd\%3D_home&q=paypal+argentina&ei=KnwMUJPvJebB0QWg_9TSCg&usg=AFQjCNGS_At_KxJucgoGBbHISLuHcNez_Q'		",phishing
"paypal.com.us.cgi.bin.webscr.cmd.login.member.verifed.aromasdosul.com/54855458214/b281760cf44e0c5275168ea7aaadc75a/		",phishing
"mrterabit.com/remax/		",phishing
"paypal-update-information001.currentrealestatetrends.com/webscr_cmd_home&country_lang.x=true/webscr_cmd_home/		",phishing
"treeofus.biz/tree/remax/		",phishing
"my.screenname.aol.comcqrloginlogin.pspsitedomainsns.webmail.aol.com.lang.acreativestudio.in/Billing/Billing/update.html		",phishing
"mail.aol.com.dopage.msgtimeoutbodysignonbankofampositschecksaveindex.cfmtemplatelcfaq.womens.ro/mail0aol36472aolfamericaonlineupdate.htm		",phishing
"caoc.cat/wp-admin/user/admin../remax.com.html		",phishing
"cabscomputacion.com.mx/modules/Remax/index.htm		",phishing
"paypal.com-us.cgi-bin-webscr-cmd.login-submit-dispatch.74fghghs68g48fyrt4mn86wvnchtor26hgbfn83m48hg3ufggd4s83f4xct1aa.hoteltroni.com.br/pa/pa/		",phishing
"www.jamiefieldevents.com/remax/index.htm		",phishing
"0xff.com.br/templates/beez/remax/REMAXX.htm		",phishing
"whchile.com/medios/Yahoo/		",phishing
"esdstudio.com/ru/wp-admin/images/paypal.fr/error_login.html?cmd=_login-run&dispatch=5885d80a13c0db1f998ca054efbdf2c29878a435fe324eec2511727fbf3e9efcd8		",phishing
"paypal.com.us.cgi.bin.webscr.cmd.login.member.verifed.aromasdosul.com/54855458214/1dd30b5535f8add275b4fcafd10592ac/		",phishing
"paypal.com.us.cgi.bin.webscr.cmd.login.member.verifed.aromasdosul.com/54855458214		",phishing
"paypal.com.us.cgi.bin.webscr.cmd.login.member.verifed.aromasdosul.com/54855458214/7c7a9e21f557059fba6dd31d7fcdc796/		",phishing
"paypal.com.us.cgi.bin.webscr.cmd.login.member.verifed.aromasdosul.com/54855458214/		",phishing
"paypal.com.us.cgi.bin.webscr.cmd.login.member.verifed.aromasdosul.com/54855458214/3853fdefe8082d6d73c5f72bf562e708/		",phishing
"passivemobilemoneymachine.com/Paypal_Virefication/796c8b705a7a52b05d512539f12dbd41/webscr.php?cmd=_login-run&dispatch=5885d80a13c0db1f1ff80d546411d7f8a8350c132bc41e0934cfc023d4e8f9e5		",phishing
"passivemobilemoneymachine.com/Paypal_Virefication/01f9b721a84d45bbaf6740a69b03ad15/webscr.php?cmd=_login-run&dispatch=5885d80a13c0db1f1ff80d546411d7f8a8350c132bc41e0934cfc023d4e8f9e5		",phishing
"passivemobilemoneymachine.com/Paypal_Virefication/8f66149e87ebbb565d628f976fe09efa/webscr.php?cmd=_login-run&dispatch=5885d80a13c0db1f1ff80d546411d7f8a8350c132bc41e0934cfc023d4e8f9e5		",phishing
"endahwidowati.com/account/index.php		",phishing
"www.proves-winged.tk/login.asp?		",phishing
"positype.com/about/aol/update.php		",phishing
"www.saintjohnlutheran.org/remax/index.htm		",phishing
"gwj194.internetdsl.tpnet.pl:84/eBayISAPI.dll.htm?co_partnerId=2&siteid=0&UsingSSL=1		",phishing
"metalica.cl/comunidad/media/system/js/.eZa-yIPIllnInruhttp.www.eaY.c0m/		",phishing
"paupals.com.cgi.bin.webscr.cmd.login.submit.dispatch.5885d80a13c0db1f8e263663d3faee8.d0288a7fd2903afb85a5540fd44243d03.ggg.tmdhosting310.com/secure-code100/security/login.php		",phishing
"paupals.com.cgi.bin.webscr.cmd.login.submit.dispatch.5885d80a13c0db1f8e263663d3faee8.d0288a7fd2903afb85a5540fd44243d03.ggg.tmdhosting310.com/secure-code15/security/login.php		",phishing
"passivemobilemoneymachine.com/Paypal_Virefication/01f9b721a84d45bbaf6740a69b03ad15/webscr.php?cmd=_login-run&amp;dispatch=5885d80a13c0db1f1ff80d546411d7f8a8350c132bc41e0934cfc023d4e8f9e5		",phishing
"passivemobilemoneymachine.com/Paypal_Virefication/796c8b705a7a52b05d512539f12dbd41/webscr.php?cmd=_login-run&amp;dispatch=5885d80a13c0db1f1ff80d546411d7f8a8350c132bc41e0934cfc023d4e8f9e5		",phishing
"bosungcanada.com/bbs/table/board_0/upload/co-operativeinvestments.co.uk.htm		",phishing
"hotelkutno.blo.pl/out.php?url=www.free.items.blo.pl&amp;alias_id=33567714		",phishing
"wedontpaintmurals.com/paypal-confirm/		",phishing
"hotelkutno.blo.pl/out.php?url=www.free-itemki.blo.pl&amp;alias_id=33567717		",phishing
"zzzinn.com/www.paypal.co.il/israel/06282818e091d0d3faee8d9384d85353843faee8d9384d85353843ae3ae091d0d3faee8d938/logrun.htm?d80a13c0db1f8e263663d3faee8d9384d85353843a619606282818e091d0fb66ac5db93ccd1b57fe4803d8555feefb66ac5db93ccd1b57fe4803d8555fee		",phishing
"www.remembermargo.com/rm/redirection-cielo.html.htm		",phishing
"www.battled3.tk/login.asp?ref=us.battle.net/account/management2Findex.xml&amp;app=bam		",phishing
"www.wfuniforms.com/images/left/index.htm		",phishing
"seguridadceco.com/xmlrpc/ssl/Gx55AA011055_ssh/Gx55AA011055_ssh/n=1057923584&amp;fid=5c8a45349a8427f921358a42650ce4b/rd0306sv0v0xxx25_DosIgn_ssl=cgi_025553/		",phishing
"qualitycleaningatlanta.com/wp-includes/js/crop/index/index/index/index/index/index/gon.php		",phishing
"diagsv7.com/html/dp1207-xforex.htm		",phishing
"passivemobilemoneymachine.com/Paypal_Virefication/01f9b721a84d45bbaf6740a69b03ad15/		",phishing
"passivemobilemoneymachine.com/Paypal_Virefication/		",phishing
"passivemobilemoneymachine.com/		",phishing
"www.paypal.com.wpjsvx0ljnxvxd5pnczgk3olpztff9uzs7egwrv1gcepixsc355ujwinqirag9.adityacalibrationservice.com/		",phishing
"paupals.com.cgi.bin.webscr.cmd.login.submit.dispatch.5885d80a13c0db1f8e263663d3faee8.d0288a7fd2903afb85a5540fd44243d03.ggg.tmdhosting310.com/secure-code15/security/		",phishing
"paupals.com.cgi.bin.webscr.cmd.login.submit.dispatch.5885d80a13c0db1f8e263663d3faee8.d0288a7fd2903afb85a5540fd44243d03.ggg.tmdhosting310.com/		",phishing
"passivemobilemoneymachine.com/Paypal_Virefication/17cedd085cca8ef8f2cb936474cc03b7/webscr.php?cmd=_login-run&dispatch=5885d80a13c0db1f1ff80d546411d7f8a8350c132bc41e0934cfc023d4e8f9e5		",phishing
"paupals.com.cgi.bin.webscr.cmd.login.submit.dispatch.5885d80a13c0db1f8e263663d3faee8.d0288a7fd2903afb85a5540fd44243d03.ggg.tmdhosting310.com/secure-code8/security/login.php		",phishing
"hassanalsheikh.com/wp-content/plugins/cforms/Paypal.Us/		",phishing
"www.remax-offer.com/login/		",phishing
"www.remax-offer.com/login		",phishing
"parsunit.com//img/openImg/social_net/agent/realtor.htm		",phishing
"tinyurl.com/btdk39c		",phishing
"traviantx.xzn.ir/index.html		",phishing
"hassanalsheikh.com/wp-content/wppa-depot/admin/www.paypal.com/restore.php		",phishing
"hassanalsheikh.com/wp-content/plugins/cforms/Paypal.Us/Thanks.php		",phishing
"euodoo-recycle.co.uk/fileslist.php		",phishing
"home.comcast.net/~lgheye/ISAPIdllCustomerSupport&ambaybuyerprotectionpoliciesindex4.html		",phishing
"home.comcast.net/~d.stillabower/ISAPIdllCustomerSupaaport&ambaybuyerprotec4tionpolicie564509sindexha.html		",phishing
"resolution.center.aspserver.net/cgi-bin/		",phishing
"hassanalsheikh.com/wp-content/wppa-depot/admin/www.paypal.com/authwebscr.htm		",phishing
"2099714.sites.myregisteredsite.com/suspended.php		",phishing
"www.infocamisas.com/smart/webscr.php		",phishing
"www.dzpubliker.com/paypal-com.us.webscrlcmdl.login.submit.dispatch.5885d80a/dir.php		",phishing
"nexusnovus.com/aa/		",phishing
"senyo.com/old_aol.1.3/?Login=&amp;Lis=10&amp;LigertID=1993745&amp;us=1		",phishing
"www.healthandwellbeings.net/wp-content/themes/twentyeleven/languages/ter/aol/costor/ubdet/inde.htm?cmd=_login-run&amp;dispatch=5885d80a13c0db1f998ca054efbdf2c29878a435fe324eec2511727fbf3e9efcd8		",phishing
"medo.0fees.net/		",phishing
"71102paypal42654.teas111.com/wrtb5U82La.php?3oqdx6NJLr4tY40VavXzRZLmLFka7dt8jFKL5ffS7MFN2a1t5ZCPq1mQMsDROTRIEGkZ6YNsY8QYL4K0IrnXTxlJ9ai5X0rJCsEi		",phishing
"gcamcam.info/remax-properties.com/remax		",phishing
"gcamcam.info/remax-properties.com/remax/		",phishing
"merchantcityyoga.com/media/www.paypal.com/		",phishing
"54661paypal97844.teas111.com/Ub3gY3XbNt.php?R72SxAKSw2EimQtn1kxO4XyYXDRUlvqlN35inBMTtCvB2ZRARzs1GOd0AsLqWvVZ25TAwxRP2ASH9lqH2He1iSoblcFdNf1VgDyh		",phishing
"shylands.com/old_aol.1.3/?Login=&amp;Lis=10&amp;LigertID=1993745&amp;us=1		",phishing
"74634paypal15794.teas111.com/978SGe6FdV.php?DTaSyZWbEdEZOrOuLy3KzJFzTqDZXqkLDYEDEr190BQlbmvRs7QW06iGfisMeOETP7XGc8UUJJQNtG86YFz3Zgou0MWaaC7VXcLA		",phishing
"53913paypal34640.teas111.com/XczXBUtt7f.php?KzKKyRwGS2o9rbWZGn5mMySh6HCYA0b75Rpx3CdCPOJTT7RLiAWO5AZ8kYAcjY5IHVfv7ijB8h88zoimrzTZYsjwOeBlWgCwU9oR		",phishing
"34975paypal42002.teas111.com/K8f4IT2uDg.php?vTES36Ae4oNIEG619pLGX5dqdHBXNSQE8RN3VkWJAdSCV6HM87oWwg5ttD1ZORDJc7WIefZ2xW01uINe83t55lIMxEgJOmT29pqU		",phishing
"brodka.nago.blo.pl/out.php?url=www.tibia.com.subtopic.forum.blo.pl&alias_id=33567796		",phishing
"www.mastersidlow.com/index.html		",benign
"www.execusite.com/jajohnson/	",benign
"www.execusite.com/huttercpa/	",benign
"www.cbiz.com/cbizmhm-topeka/	",benign
"www.execusite.com/arbcpa/	",benign
"execusite.com/mstearns/	",benign
"www.execusite.com/jmvccpa	",benign
"cp3.cpasitesolutions.com/~cuneocpa/	",benign
"www.execusite.com/weberthorson/	",benign
"www.klineco.com/index.html	",benign
"www.accountantsofficeonline.com/members/Trigi16815/	",benign
"home.earthlink.net/~mjeppy/		",benign
"www.execusite.com/iannucci/		",benign
"www.prestinaegele.com/welcome.html		",benign
"fso.cpasitesolutions.com/accountinggroup/		",benign
"www.execusite.com/mackroberts/		",benign
"www.execusite.com/mvs-cpa/		",benign
"www.execusite.com/bsccpas/welcome.html		",benign
"www.execusite.com/lewiscpas/		",benign
"ras.netopia.com/harrisoncpa		",benign
"www.execusite.com/reedcpa/welcome.html		",benign
"my.hdvest.com/michaelmullins/		",benign
"www.xmission.com/~tjassoc/		",benign
"www.execusite.com/bishandhaffey/		",benign
"www.cpa-center.com/zukerman		",benign
"mysite.verizon.net/vzeo8acu/		",benign
"www.execusite.com/gandkcpas/		",benign
"www.execusite.com/kelseypc/		",benign
"www.kpmg.com/au/		",benign
"members.optusnet.com.au/softax/		",benign
"members.iinet.net.au/~patrick6/		",benign
"www.execusite.com/mcumella/		",benign
"sbcspa.tripod.com/sbcs/		",benign
"users.erols.com/atyrsrvc/		",benign
"w3.gorge.net/dede/		",benign
"www.wiley.com/college/kieso/html/assoc.html		",benign
"www.cpateam.com/accounting-directories.htm		",benign
"sunrisefla.com/html/Accountants/		",benign
"www.accountantsworld.com/list/directorylist.aspx		",benign
"pembrokepinesfla.com/html/Accountants/		",benign
"www.topix.com/rss/business/accounting.xml		",benign
"www.newaccountantusa.com/default.html		",benign
"www-staff.lboro.ac.uk/~msawh/		",benign
"wwwlib.umi.com/dissertations/		",benign
"www.ssrn.com/arn/index.html		",benign
"aaahq.org/pubs/AESv16/toc.htm		",benign
"newman.baruch.cuny.edu/digital/saxe/default.htm		",benign
"bubl.ac.uk/link/a/accountingresearch.htm		",benign
"www.olemiss.edu/depts/general_library/aicpa/		",benign
"www.pwc.com/us/en/state-local-tax/		",benign
"onesource.thomsonreuters.com/salesanduse/		",benign
"www.topix.com/rss/business/aerospace-defense.xml		",benign
"www.celtic-lines.com/airship.html		",benign
"www.3m.com/us/auto_marine_aero/aero/		",benign
"home.earthlink.net/~rerasmussen/		",benign
"www.dma-aero.com/eu.htm		",benign
"www.spstech.com/aero/		",benign
"www.msa.freehosting.net/Index.htm		",benign
"freespace.virgin.net/andy.wright617/		",benign
"www.spectrajet.homestead.com/main.html		",benign
"www.aeroservis-sro.cz/en/English_version.htm		",benign
"www.airenergy.de/html/index_english.html		",benign
"users.chariot.net.au/~geastwood/		",benign
"www.nucleus.com/~eureka/		",benign
"www.aero.com/bonaire/		",benign
"bellsouthpwp.net/a/v/avifliflight/		",benign
"www.northlandcollege.edu/programs/aviation_maintenance_technology/		",benign
"www.rangeraviation.com/interiors.html		",benign
"members.shaw.ca/mplansolutions/		",benign
"members.tripod.com/ralph_graves/		",benign
"news.bbc.co.uk/1/hi/sci/tech/5394070.stm		",benign
"news.bbc.co.uk/2/hi/uk_news/magazine/8542482.stm		",benign
"www.survivalsuppliesltd.com/akit.html		",benign
"www.nvo.com/procallabs/		",benign
"www.aerofalcon.com/homepage.htm		",benign
"www.internationalflight.homestead.com/one.html		",benign
"www.freewebs.com/instruction/		",benign
"home.gci.net/~rruess/		",benign
"users.rcn.com/greenbrg/gilmore/		",benign
"www.nsula.edu/aviation/		",benign
"www.pennavionics.com/training/consult_svc.html		",benign
"www.sharpaviation.com.au/index.php/pt_home		",benign
"www.flightcamp.com.au/home		",benign
"www.copters.com/helicopter.html		",benign
"www.users.globalnet.co.uk/~emanners/		",benign
"www.usfamily.net/web/jims/		",benign
"www.freewebs.com/flighttraining/		",benign
"www169.pair.com/jcat/jason/flying/		",benign
"www.angelfire.com/mo/kcconsulting/index.html		",benign
"www.materialsengineer.com/CA-fatigue.htm		",benign
"freespace.virgin.net/mike.robins/index.htm		",benign
"www.barco.com/defense/		",benign
"www.smi-online.co.uk/products/default.asp?pb_sect=1		",benign
"www.govexec.com/top200/98charts/98dod.htm		",benign
"www.prime-power.com/military-grade/		",benign
"www.sanmina-sci.com/markets/def_aero.html		",benign
"www.indexdirect.com/bneil/		",benign
"www.angelfire.com/sk/sabot/		",benign
"www.opticalsys.com/militaryuses.html		",benign
"www.aztechnology.com/optical.html		",benign
"www.powerstarinc.com/power.html		",benign
"www.angelfire.com/biz/troopsupport/		",benign
"www.rapp-praezisionstechnik.de/html/en/home.htm		",benign
"www.angelfire.com/biz7/troopgear/ajc.html		",benign
"www.controlmastersinc.com/military_applications.htm		",benign
"www.topix.com/business/aerospace-defense		",benign
"www.energia.ru/english/index.html		",benign
"www.invap.net/index-e.php		",benign
"global.mitsubishielectric.com/bu/space/index.html		",benign
"www.dassault-aviation.com/en/space.html?L=1		",benign
"home.comcast.net/~compositex		",benign
"www.ams.usda.gov/farmersmarkets/		",benign
"www.angelfire.com/wa2/jjaqua/index.html		",benign
"www.holidayjunction.com/aro/		",benign
"homepage.tinet.ie/~decdeb/oysters.html		",benign
"www.angelfire.com/fl5/cfarmsllc/		",benign
"www.mitikas-sa.gr/index1.htm		",benign
"ag.arizona.edu/azaqua/ata.html		",benign
"www.aquaculturecouncilwa.com/marron/introduction		",benign
"www.bannertown.com/darksea.html		",benign
"www.angelfire.com/country/aquafarm/		",benign
"www.angelfire.com/nb/iaa/		",benign
"home.kpn.nl/herwa073/aquacrops/		",benign
"www.cropking.com/aqua.shtml		",benign
"users.vic.chariot.net.au/~agktech/		",benign
"members.aon.at/solaris/		",benign
"www.morningmistfarm.8m.com/index1.html		",benign
"www.tarad.com/siamgoldfish-inter/		",benign
"www.imbc.gr/biblio_serv/		",benign
"www.mass.gov/czm/wpmaraqu.htm		",benign
"www.npr.org/templates/story/story.php?storyId=5291579		",benign
"www.lib.noaa.gov/docaqua/frontpage.htm		",benign
"www.elsevier.com/wps/find/journaldescription.cws_home/503302/description#description		",benign
"www.wiley.com/bw/journal.asp?ref=1353-5773		",benign
"www.agf.gov.bc.ca/fisheries/index.htm		",benign
"groups.yahoo.com/clubs/aquaculturefarming		",benign
"www.gnb.ca/0027/		",benign
"fcms.its.utas.edu.au/scieng/aqua/		",benign
"edis.ifas.ufl.edu/TOPIC_Aquaculture		",benign
"www.ag.auburn.edu/fish/		",benign
"www.fao.org/DOCREP/FIELD/006/AD742E/AD742E00.HTM		",benign
"www.ucc.ie/research/adc/		",benign
"hawaii.gov/hdoa/adp		",benign
"clients.ttm.bg/abi		",benign
"www.ca.uky.edu/nssppa		",benign
"www.heartwoods.com/html/barn_wood.html		",benign
"www.abcopolebarns.com/1.html		",benign
"www2.oardc.ohio-state.edu/nematodes/		",benign
"members.aon.at/moitzi/yeti/default_eng.htm		",benign
"www.sierratel.com/resintl/		",benign
"pws.prserv.net/marketsolutions/		",benign
"www.rurdev.usda.gov/rbs/index.html		",benign
"www.tumpline.com/agriculture		",benign
"www.virtualquincy.com/quincy/ag/index.html		",benign
"agritechnology.com/index.htm		",benign
"forestry.about.com/od/forestindustry1/		",benign
"www.fs.fed.us/fsjobs/		",benign
"www.jobsin.co.uk/?h=forestry		",benign
"www.jobsin.co.uk/?h=agriculture		",benign
"www.best-used-tractors.com/tractors.html		",benign
"cattlepages.com/equipment		",benign
"www.rainbird.com/ag/index.htm		",benign
"rimu.orconhosting.net.nz/philproof/		",benign
"www.kolnag.ru/english/default.htm		",benign
"www.angelfire.com/mt/den/		",benign
"www.angelfire.com/nc/dynadiggr/index.html		",benign
"www.diffusion-directe.fr/eindex.htm		",benign
"www.rotomec.com/usa/		",benign
"members.smetc.com/gokmenler/		",benign
"showcase.netins.net/web/grainvacsinc		",benign
"www.sznorinco.com/shovel		",benign
"www.agdealer.com/grande		",benign
"www.agdealer.com/parkland		",benign
"www.agdealer.com/chabot		",benign
"www.agdealer.com/drummonds		",benign
"www.agdealer.com/hlmotors		",benign
"www.agdealer.com/keystone		",benign
"www.agdealer.com/littlemorden		",benign
"www.agdealer.com/kms		",benign
"www.agdealer.com/leos		",benign
"www.agdealer.com/notredame		",benign
"www.agdealer.com/tic		",benign
"www.agdealer.com/southeastern		",benign
"www.agdealer.com/fulllineag		",benign
"www.agdealer.com/greentrac		",benign
"www.agdealer.com/maplefarm		",benign
"www.agdealer.com/wheatbeltsales		",benign
"www.agdealer.com/redvers		",benign
"www.angelfire.com/mo3/ameritractor/		",benign
"www.tractorjoe.com/zetor		",benign
"agcocorpdealers.com/FLANAGANIMP/		",benign
"agcocorpdealers.com/ROHLFS/		",benign
"agcocorpdealers.com/PLEVNA/		",benign
"www.agcocorpdealers.com/isaacsonimplt/		",benign
"agcocorpdealers.com/LAUFEQUIP/		",benign
"agcocorpdealers.com/terryimp/		",benign
"agcocorpdealers.com/VAHRENBERGIMP/		",benign
"agcocorpdealers.com/EARLLADD/		",benign
"agcocorpdealers.com/SOUTHWESTERNEQUIPMENT/		",benign
"agcocorpdealers.com/KOENECKE/		",benign
"agcocorpdealers.com/PORTLANDIMP/		",benign
"www.leinbachs.com/inc.html		",benign
"www.reallyinnovations.com/sprayers.html		",benign
"www.deere.com/en_US/ProductCatalog/FR/category/FR_SPRAYERS.html		",benign
"buckinghammint.com/NA_Land.htm		",benign
"www.propertyguide.com.au/rural/		",benign
"eaglestar.net/Land_Buyers_List/index.html		",benign
"www.northernlife.com/realestate		",benign
"www.mts.net/~fronge/farmsale.html		",benign
"www.malad.com/farms.htm		",benign
"www.ranchmagazine.com/re.html		",benign
"www.rockisland.com/~cedarfences/		",benign
"www.wightman.ca/~blitz/		",benign
"www.agripal.it/prodotti1_en.htm		",benign
"www.hotkey.net.au/~mm2000/		",benign
"edis.ifas.ufl.edu/TOPIC_Forage		",benign
"www.ewrinc.com/cotton/		",benign
"www.kentuckyamerican.com/kyamerican/		",benign
"www.humeseeds.com/ballard/		",benign
"www.millscountry.com/Farms/		",benign
"www.elmia.se/wood/		",benign
"www.woodfibre.com/wood/index.html		",benign
"www.visit.co.nz/MoistureMeters/Default.htm		",benign
"www.ualberta.ca/~uofafs/		",benign
"www.certificationcanada.org/english/		",benign
"www.forestry.org/alaska/		",benign
"mypage.direct.ca/k/kholmsen		",benign
"home.comcast.net/~coloradoforestmanagement/		",benign
"www.smokeybear.com/vault/default.asp		",benign
"www.fs.fed.us/r1/lolo/fire/hotshots/		",benign
"members.shaw.ca/ram-fire/		",benign
"www.nogalink.com/link.html		",benign
"'www.h-m-holding.com/hm\%202006/en/obm/home.asp'		",benign
"www.quebecweb.com/perfort/introfranc.html		",benign
"www.builditplans.com/Blog/		",benign
"home.netcom.com/~runar/		",benign
"na.fs.fed.us/stewardship/index.shtm		",benign
"na.fs.fed.us/pubs/misc/flg/		",benign
"www.ces.ncsu.edu/forestry/pdf/WON/won26.pdf		",benign
"www.wesaborgs.se/english/		",benign
"koti.phnet.fi/perttisa/windformer.html		",benign
"www.fbptimber.com/indexen.htm		",benign
"www.forexgroup.ca/index.html		",benign
"www.altaindia.com/homepages/premium.htm		",benign
"dendoffsprings.tripod.com/kenworth.html		",benign
"www.ams.usda.gov/fv/		",benign
"home.earthlink.net/~dario/		",benign
"www.daar.pl/en.php/firm		",benign
"mtco.com/~blkburn/		",benign
"www.alcasoft.com/arkansas/		",benign
"www.rexius.com/orchid_bark/orchid.html		",benign
"www.alnet.co.za/agricultural-nets.shtml		",benign
"www.schaeferfan.com/Horticultural_Ventilation_C264.cfm		",benign
"home.earthlink.net/~madronenursery/		",benign
"invitel.hu/szoregvirag/		",benign
"www.dstore.co.il/yp/shopHome.asp?sc=685		",benign
"www.users.globalnet.co.uk/~tmh/		",benign
"www.omniflora.com/e-home.htm		",benign
"www.orchidmall.com/iowaorchids/		",benign
"www.tacocity.com.tw/orchids/english/index.htm		",benign
"lox1.loxinfo.co.th/~kultana/		",benign
"members.iinet.net.au/~ezi-gro/		",benign
"www.angelfire.com/tn2/elmoreorchids/		",benign
"home.alphalink.com.au/~andre/		",benign
"www.cdr3.com/nursery/		",benign
"www.cgernon.com/sptf/		",benign
"www3.ns.sympatico.ca/christmas.tree/		",benign
"pw.vsb.bc.ca/trek/		",benign
"www.msstate.edu/org/mta/		",benign
"www.turf-tec.com/index.html		",benign
"www.simplot.com/turf/jacklin/		",benign
"saddlebackmaterialsco.com/4-Sod.com.htm		",benign
"www.clients.ttm.bg/germes/		",benign
"www.commoditiescontrol.com/eagritrader/index.php		",benign
"www.gametec.com/hemp/		",benign
"www.aginukraine.com/bast/bast01.htm		",benign
"www.ers.usda.gov/publications/ages001e/		",benign
"laws.justice.gc.ca/en/C-38.8/SOR-98-156/index.html		",benign
"www.globalhemp.com/Archives/Government_Research/hawaiian_ind_hemp_report.shtml		",benign
"www.omafra.gov.on.ca/english/crops/facts/00-067.htm		",benign
"www.inspection.gc.ca/english/plaveg/seesem/indust/hemchae.shtml		",benign
"www4.law.cornell.edu/uscode/21/802.html		",benign
"groups.yahoo.com/group/rarelivestock/		",benign
"www.alliancepastorale.fr/#Introduction		",benign
"homepages.together.net/~neksales		",benign
"www.nbinc.com/index.htm		",benign
"www.gmtel.net/web/ronsbarn/		",benign
"salebarninfo.com/bagley.html		",benign
"salebarninfo.com/fergus.html		",benign
"salebarninfo.com/richprairie.html		",benign
"salebarninfo.com/tricounty.html		",benign
"www.angelfire.com/mo/beekeeping/		",benign
"users.skynet.be/bijen/		",benign
"www.ars.usda.gov/News/docs.htm?docid=15572		",benign
"www.angelfire.com/ak2/LTBisonRanch/		",benign
"www.wapiti.net/co/hwr.htm		",benign
"www.angelfire.com/anime2/HappyBuffyRanch/		",benign
"www.attra.org/attra-pub/bison.html		",benign
"home.centurytel.net/DoubleRBison		",benign
"www.wave.net/upg/jvillechamber/pleasantview/		",benign
"www.wave.net/upg/jvillechamber/treebreeze/		",benign
"tech.groups.yahoo.com/group/alpacarescue/		",benign
"www.angelfire.com/az/desertwindalpacas/index.html		",benign
"users.tpg.com.au/users/alpacas/		",benign
"homepages.ihug.co.nz/~star/		",benign
"www.mv.com/ipusers/maceachram/		",benign
"www.merriwether.org/nyala/		",benign
"www.orwell.net/~edcook/		",benign
"www.shoreham.net/~wcalpaca		",benign
"www.sunshinealpacas.com/default.html,benign
www.alpacanation.com/farmsandbreeders/03_viewfarm.asp?name=11710	",benign
"home.netcom.com/~rbmanion		",benign
"www.alpacanation.com/farmsandbreeders/03_viewfarm.asp?name=13120	,benign
users.wcvt.com/alpaca/	""	",benign
"www.llamaadventures.com/whyllamas.html	,benign
home.comcast.net/~sproutllamas/	",benign
"personal.smartt.com/~ahelewka/about.html	,benign
www.owt.com/hillview/	""	",benign
"www.llamalife.com/farm.html		",benign
"www.speakeasy.org/~kvnbanta/lightfootllamas/lightfootllamas.html	,benign
webpages.charter.net/keirtruss/	",benign
"www.angelfire.com/biz/snowdriftspin/	,benign
www.nas.com/~jnkllamas	""	",benign
"maplewindfarm.com/on-the-loose-yurt-rentals/	,benign
personal.smartt.com/~brianp	",benign
"www.angelfire.com/country/bco/	,benign
www.ranches.org/McLean.htm	""benign",
"cattletoday.com/rss/cattletoday.xml		",benign
"www.ranches.org/JayOBrien.htm		",benign
"www.ranches.org/swamp.htm		",benign
"www.ranches.org/JAranch.htm		",benign
"www.ranches.org/corsino.html		",benign
"www.agrigene.com.au/crawler.html		",benign
"www.telusplanet.net/public/medidart/		",benign
"www.ansi.okstate.edu/breeds/cattle/		",benign
"www.angus1.com/mvaa/		",benign
"www.ansi.okstate.edu/breeds/cattle/angus/		",benign
"www.angelfire.com/mo/bakerfarms/		",benign
"sheepandcattle.com/cattle.htm		",benign
"www.angelfire.com/nj2/ranch/commercial.html		",benign
"www.angelfire.com/wi/ranch2/redangus.html		",benign
"www.skally.net/mead/		",benign
"woodstonmanor.tripod.com/Angus.htm		",benign
"www.freewebs.com/smalleysangusranch/		",benign
"sstelco.com/~laura-ss/		",benign
"www.buyagro.com/barel/		",benign
"butterflyhollowfarm.com/beefalo.html		",benign
"www.angelfire.com/biz/hiddenacres/		",benign
"www.ulg.ac.be/fmv/bbb/		",benign
"www.kyagr.com/Main.aspx?procedure=show_page(5686)		",benign
"www.viarural.com.ar/blonde/		",benign
"www.whitebredshorthorn.com/bluegrey/index.html		",benign
"www.charbray.com/brahman.html		",benign
"members.tripod.com/~Rocking_BS_Ranch/		",benign
"www.ionet.net/~brahman/		",benign
"douglascattlecompany.homestead.com/files/douglas_cattle_company_homepage.htm		",benign
"personalpages.tds.net/~voegelibrownswiss		",benign
"www.charbray.com/charbray.html		",benign
"easisites.co.uk/fortygreenfarm		",benign
"www.buyagro.com/harderfarms/		",benign
"www.buyagro.com/sandan/index.htm		",benign
"www.oklahomashowsteer.com/mcmullen/index.html		",benign
"users.cwnet.com/rtitus		",benign
"www.oklahomashowsteer.com/venable/home.html		",benign
"showsteers.com/thompson		",benign
"www.angelfire.com/fl5/runningdeerfarms/		",benign
"www.redtail.net/owc/cg		",benign
"www2.powercom.net/~daryl/		",benign
"home.freeuk.com/marc.slebech/longhorns/		",benign
"www.cattletoday.com/se_gelbvieh/		",benign
"www.cattletoday.com/tngelbvieh/		",benign
"www.angelfire.com/mo/bcc/		",benign
"www.cattletoday.com/franklin_hill/		",benign
"www.cattletoday.com/karlebo/		",benign
"www.angelfire.com/ks2/cows/		",benign
"www.springvalleyfarms.com/index.htm		",benign
"www.unsickerfarms.com/index.html		",benign
"gogelbvieh.com/cks/		",benign
"www.rangeweb.net/~haycreekranch/		",benign
"gogelbvieh.com/wwg/index.htm		",benign
"www.fivewells.com/farm/		",benign
"www.usguernsey.com/iowagba.html		",benign
"www.usguernsey.com/jco.htm		",benign
"www.albertaherefords.com/nahc.htm		",benign
"www.ansi.okstate.edu/breeds/cattle/hereford/		",benign
"www.seol.net.au/walteela/		",benign
"www.buyagro.com/medonte/Default.htm		",benign
"www.albertaherefords.com/plainlake.html		",benign
"www.qcislands.net/docdon/		",benign
"www.buyagro.com/justamere/		",benign
"www.tctc.com/~pduncan		",benign
"www.cattletoday.com/debter/		",benign
"www.slanker.com/bulls		",benign
"www.lagrandranch.com/hereford/homehereford.html		",benign
"home.earthlink.net/~matasovic/ranch.html		",benign
"www.dirtyboots.com/highlands.htm		",benign
"www.rkde.com/covista/		",benign
"www.rkde.com/meadowbridge/		",benign
"www.holsteins.ca/birkentree		",benign
"www.holsteins.ca/winterbay		",benign
"www.angelfire.com/ns/Rupelen/		",benign
"www.cyr-designs.com/avonlea		",benign
"www.jerseycanada.com/bridon/		",benign
"homepage.eircom.net/~hawthornelimousin		",benign
"www.ansi.okstate.edu/breeds/cattle/lincolnred/		",benign
"www.kathrynsweb.com/maineanjou/		",benign
"www.murraygrey.com.au/youth.htm		",benign
"gomobile.ie/parthenaise.html		",benign
"www.telusplanet.net/public/two-w/chinook/		",benign
"members.ozemail.com.au/~camev/kanglade/		",benign
"cattletoday.com/borchers_southern_y/		",benign
"www.cattletoday.com/segerts/		",benign
"www.ansi.okstate.edu/breeds/cattle/santagertrudis/index.htm		",benign
"www.angelfire.com/wi/ranch2/index.html		",benign
"www.wiu.edu/users/musaw13/		",benign
"www.ranchguide.com/fouroaks/		",benign
"www.angelfire.com/ok/otla/		",benign
"www.angelfire.com/tx5/tlbgca/index2.html		",benign
"www.angelfire.com/home/hoffarms/index.html		",benign
"www.angelfire.com/tx4/PolkLonghorns/		",benign
"www.bluediamonde.com/longhorns.html		",benign
"www.sdc.org/~fmoeller		",benign
"www.angelfire.com/ok/tlonghorn/		",benign
"home.centurytel.net/langdairy/		",benign
"www.angelfire.com/pa5/ment2befarms/		",benign
"www.ansc.purdue.edu/dairy/isda/		",benign
"www.cdhia.org/index.html		",benign
"www.lancasterdhia.com/index.html		",benign
"www.tradepub.com/free/dat		",benign
"www.mamut.net/aesagri/		",benign
"www.naturalhub.com/grow_meat_breeds_cattle_small.htm		",benign
"books.nap.edu/books/030904295X/html/17.html		",benign
"groups.yahoo.com/group/miniaturecattle		",benign
"www.angelfire.com/nh/veliraf/		",benign
"www.webring.com/hub?ring=miniatureherefor		",benign
"www.tomtownsend-toyland.com/toyland_farms/toyland_farms.htm		",benign
"www.webring.com/hub?ring=miniaturecattle		",benign
"cstindustries.com/products/slurrystore/		",benign
"www.uwex.edu/ces/dairyyouth/		",benign
"www.execulink.com/~deboram/		",benign
"www.formulate2.com/index.html		",benign
"www.angelfire.com/ok3/Lakewhitetails/index.html		",benign
"www.adncomm.com/pioui		",benign
"www.vast.net/mike/		",benign
"www.angelfire.com/tx/burros/		",benign
"home.vicnet.net.au/~keysoe/		",benign
"members.multimania.nl/huisdier/donkey.html		",benign
"www.qis.net/~minidonk/donktext.htm		",benign
"www.mlode.com/~animals/minidonkeys.html		",benign
"www.angelfire.com/ky/minipickens/index.html		",benign
"www.dextersfor.com/donkeyhome.htm		",benign
"www.heavenlydonkeys.com/index.html		",benign
"www.daddysdarlindonkeys.com/index.html		",benign
"wannaberanch.homestead.com/wannaberanch.html		",benign
"home.mchsi.com/~equingal/		",benign
"mammothjackstock2001.tripod.com/buzzsawranch/		",benign
"www.molokai.com/muleride/		",benign
"www.randburg.com/is/skinnfiskur/		",benign
"www.cargill.com/feed/		",benign
"www.ctv.es/clean_world_hispania/feeds.htm		",benign
"www.zeoinc.com/zar-min.html		",benign
"www.angelfire.com/pa3/llfarms/hay4sale.html		",benign
"www.parliament.the-stationery-office.co.uk/pa/cm199900/cmbills/006/2000006.htm		",benign
